nazov,cena
Budiš Prírodná minerálna voda perlivá 07 l,0.65 €
Budiš Prírodná minerálna voda jemne perlivá 05 l,0.61 €
Budiš Prírodná minerálna voda jemne perlivá 15 l,0.55 €
Budiš Prírodná minerálna voda perlivá 05 l,0.61 €
Budiš Prírodná minerálna voda perlivá 15 l,0.55 €
Budiš Prírodná minerálna voda tichá 15 l,0.55 €
Drobček Dojčenská voda 2 l,0.59 €
Evian Prírodná minerálna voda nesýtená 15 l,2.09 €
Fatra Extra prírodná minerálna voda sýtená 075 l,1.45 €
Fatra Prírodná minerálna voda sýtená 033 l,0.88 €
Fatra Prírodná minerálna voda sýtená 1 l,0.99 €
Gemerka Magnézium + kalcium prírodná minerálna voda jemne perlivá 05 l,0.71 €
Gemerka Magnézium + vápnik prírodná minerálna voda perlivá 05 l,0.71 €
Gemerka Magnézium a kalcium prírodná minerálna voda jemne perlivá 15 l,0.65 €
Gemerka Magnézium a kalcium prírodná minerálna voda perlivá 15 l,0.65 €
Gemerka Magnézium a kalcium prírodná minerálna voda tichá 15 l,0.65 €
Hamsik Aqua Frizzante prírodná minerálna voda sýtená 15 l,0.79 €
Hamsik Aqua Frizzante sýtená pramenitá voda 05 l,0.61 €
Hamsik Aqua Naturale prírodná minerálna voda nesýtená 15 l,0.79 €
Hamsik Aqua Naturale nesýtená pramenitá voda 05 l,0.61 €
Jamnica Prírodná minerálna voda sýtená 15 l,1.29 €
Jana Baby prírodná minerálna voda nesýtená 1 l,1.09 €
Jana Prírodná minerálna voda nesýtená 05 l,0.65 €
Jana Prírodná minerálna voda nesýtená 1 l,1.09 €
Jana Prírodná minerálna voda nesýtená 15 l,0.69 €
Ľubovnianka Magnéziová prírodná minerálna voda jemne perlivá 2 l,0.57 €
Ľubovnianka Magnéziová prírodná minerálna voda perlivá 2 l,0.57 €
Lucka Tvoj vodný anjel Dojčenská voda neperlivá 05 l,0.67 €
Lucka Tvoj vodný anjel Dojčenská voda neperlivá 15 l,0.67 €
Lucka Tvoj vodný anjel Dojčenská voda veľmi jemne perlivá 15 l,0.67 €
Lucka Tvoj vodný anjel Pramenitá voda jemne perlivá 15 l,0.67 €
Lucka Tvoj vodný anjel Pramenitá voda jemne perlivá s príchuťou citrón a baza 15 l,0.85 €
Lucka Tvoj vodný anjel Pramenitá voda jemne perlivá s príchuťou jablko a ríbezľa 15 l,0.85 €
Lucka Tvoj vodný anjel Pramenitá voda jemne perlivá s príchuťou lesné plody 15 l,0.85 €
Lucka Tvoj vodný anjel Pramenitá voda jemne perlivá s príchuťou malina a šípka 15 l,0.85 €
Lucka Tvoj vodný anjel Pramenitá voda neperlivá 075 l,0.61 €
Lucka Tvoj vodný anjel Pramenitá voda neperlivá 15 l,0.67 €
Lucka Tvoj vodný anjel Pramenitá voda pre deti neperlivá 05 l,0.71 €
Magnesia Go prírodná minerálna voda neperlivá 075 l,1.09 €
Magnesia Jemne perlivá prírodná minerálna voda sýtená 05 l,0.89 €
Magnesia Perlivá prírodná minerálna voda sýtená 05 l,0.89 €
Magnesia Prírodná minerálna voda jemne perlivá 15 l,0.79 €
Magnesia Prírodná minerálna voda neperlivá 15 l,0.79 €
Magnesia Prírodná minerálna voda sýtená 15 l,0.79 €
Magnesia Red Minerálna voda s príchuťou brusnice sýtená 15 l,1.09 €
Magnesia Red Minerálna voda s príchuťou granátového jablka sýtená 15 l,1.09 €
Magnesia Red Minerálna voda s príchuťou grapefruitu sýtená 15 l,1.09 €
Magnesia Red Minerálna voda s príchuťou jahody sýtená 15 l,1.09 €
Magnesia Red Minerálna voda s príchuťou malina sýtená 05 l,0.99 €
Magnesia Red Minerálna voda s príchuťou maliny sýtená 15 l,1.09 €
miss+ Magnéziovo kremíková prírodná minerálna voda 12 l,0.89 €
Mitická Prírodná minerálna voda jemne perlivá 15 l,0.59 €
Mitická Prírodná minerálna voda perlivá 15 l,0.59 €
Mitická Prírodná minerálna voda tichá 15 l,0.59 €
Rajec Cirkulka jemne sýtená pramenitá voda 1 l,0.99 €
Rajec Dojčenská voda pramenitá nesýtená 033 l,0.81 €
Rajec Dojčenská voda pramenitá nesýtená 15 l,0.79 €
Rajec Pramenitá voda jemne sýtená 033 l,0.81 €
Rajec Pramenitá voda jemne sýtená 075 l,0.85 €
Rajec Pramenitá voda jemne sýtená 15 l,0.79 €
Rajec Pramenitá voda nesýtená 075 l,0.85 €
Rajec Pramenitá voda nesýtená 15 l,0.79 €
Rajec Pramenitá voda sýtená 15 l,0.79 €
S.Pellegrino Prírodná minerálna voda sýtená 05 l,1.05 €
S.Pellegrino Prírodná minerálna voda sýtená 1 l,1.39 €
Salvator Prírodná minerálna voda jemne sýtená 2 l,0.49 €
Salvator Prírodná minerálna voda sýtená 2 l,0.49 €
Sulinka Alkalická kyselka prírodná minerálna voda 125 l,0.81 €
Sulinka Prírodná minerálna voda jemne perlivá 125 l,0.81 €
Šaratica Prírodná minerálna voda 05 l,1.59 €
Tesco Pramenitá voda jemne perlivá 2 l,0.29 €
Tesco Pramenitá voda neperlivá 2 l,0.29 €
Tesco Pramenitá voda perlivá 2 l,0.29 €
Zlatá Studňa Pramenitá voda nesýtená 05 l,0.61 €
Zlatíčko dojčenská voda nesýtená 15 l,0.61 €
